,id,iso2Code,name,capitalCity,longitude,latitude,region.id,region.iso2code,region.value,adminregion.id,adminregion.iso2code,adminregion.value,incomeLevel.id,incomeLevel.iso2code,incomeLevel.value,lendingType.id,lendingType.iso2code,lendingType.value
0,ABW,AW,Aruba,Oranjestad,-70.0167,12.5167,LCN,ZJ,Latin America & Caribbean ,,,,HIC,XD,High income,LNX,XX,Not classified
1,AFE,ZH,Africa Eastern and Southern,,,,NA,NA,Aggregates,,,,NA,NA,Aggregates,,,Aggregates
2,AFG,AF,Afghanistan,Kabul,69.1761,34.5228,SAS,8S,South Asia,SAS,8S,South Asia,LIC,XM,Low income,IDX,XI,IDA
3,AFR,A9,Africa,,,,NA,NA,Aggregates,,,,NA,NA,Aggregates,,,Aggregates
4,AFW,ZI,Africa Western and Central,,,,NA,NA,Aggregates,,,,NA,NA,Aggregates,,,Aggregates
5,AGO,AO,Angola,Luanda,13.242,-8.81155,SSF,ZG,Sub-Saharan Africa ,SSA,ZF,Sub-Saharan Africa (excluding high income),LMC,XN,Lower middle income,IBD,XF,IBRD
6,ALB,AL,Albania,Tirane,19.8172,41.3317,ECS,Z7,Europe & Central Asia,ECA,7E,Europe & Central Asia (excluding high income),UMC,XT,Upper middle income,IBD,XF,IBRD
7,AND,AD,Andorra,Andorra la Vella,1.5218,42.5075,ECS,Z7,Europe & Central Asia,,,,HIC,XD,High income,LNX,XX,Not classified
8,ARB,1A,Arab World,,,,NA,NA,Aggregates,,,,NA,NA,Aggregates,,,Aggregates
9,ARE,AE,United Arab Emirates,Abu Dhabi,54.3705,24.4764,MEA,ZQ,Middle East & North Africa,,,,HIC,XD,High income,LNX,XX,Not classified
10,ARG,AR,Argentina,Buenos Aires,-58.4173,-34.6118,LCN,ZJ,Latin America & Caribbean ,LAC,XJ,Latin America & Caribbean (excluding high income),UMC,XT,Upper middle income,IBD,XF,IBRD
11,ARM,AM,Armenia,Yerevan,44.509,40.1596,ECS,Z7,Europe & Central Asia,ECA,7E,Europe & Central Asia (excluding high income),UMC,XT,Upper middle income,IBD,XF,IBRD
12,ASM,AS,American Samoa,Pago Pago,-170.691,-14.2846,EAS,Z4,East Asia & Pacific,,,,HIC,XD,High income,LNX,XX,Not classified
13,ATG,AG,Antigua and Barbuda,Saint John's,-61.8456,17.1175,LCN,ZJ,Latin America & Caribbean ,,,,HIC,XD,High income,IBD,XF,IBRD
14,AUS,AU,Australia,Canberra,149.129,-35.282,EAS,Z4,East Asia & Pacific,,,,HIC,XD,High income,LNX,XX,Not classified
15,AUT,AT,Austria,Vienna,16.3798,48.2201,ECS,Z7,Europe & Central Asia,,,,HIC,XD,High income,LNX,XX,Not classified
16,AZE,AZ,Azerbaijan,Baku,49.8932,40.3834,ECS,Z7,Europe & Central Asia,ECA,7E,Europe & Central Asia (excluding high income),UMC,XT,Upper middle income,IBD,XF,IBRD
17,BDI,BI,Burundi,Bujumbura,29.3639,-3.3784,SSF,ZG,Sub-Saharan Africa ,SSA,ZF,Sub-Saharan Africa (excluding high income),LIC,XM,Low income,IDX,XI,IDA
18,BEA,B4,East Asia & Pacific (IBRD-only countries),,,,NA,NA,Aggregates,,,,NA,NA,Aggregates,,,Aggregates
19,BEC,B7,Europe & Central Asia (IBRD-only countries),,,,NA,NA,Aggregates,,,,NA,NA,Aggregates,,,Aggregates
20,BEL,BE,Belgium,Brussels,4.36761,50.8371,ECS,Z7,Europe & Central Asia,,,,HIC,XD,High income,LNX,XX,Not classified
21,BEN,BJ,Benin,Porto-Novo,2.6323,6.4779,SSF,ZG,Sub-Saharan Africa ,SSA,ZF,Sub-Saharan Africa (excluding high income),LMC,XN,Lower middle income,IDX,XI,IDA
22,BFA,BF,Burkina Faso,Ouagadougou,-1.53395,12.3605,SSF,ZG,Sub-Saharan Africa ,SSA,ZF,Sub-Saharan Africa (excluding high income),LIC,XM,Low income,IDX,XI,IDA
23,BGD,BD,Bangladesh,Dhaka,90.4113,23.7055,SAS,8S,South Asia,SAS,8S,South Asia,LMC,XN,Lower middle income,IDX,XI,IDA
24,BGR,BG,Bulgaria,Sofia,23.3238,42.7105,ECS,Z7,Europe & Central Asia,ECA,7E,Europe & Central Asia (excluding high income),UMC,XT,Upper middle income,IBD,XF,IBRD
25,BHI,B1,IBRD countries classified as high income,,,,NA,NA,Aggregates,,,,NA,NA,Aggregates,,,Aggregates
26,BHR,BH,Bahrain,Manama,50.5354,26.1921,MEA,ZQ,Middle East & North Africa,,,,HIC,XD,High income,LNX,XX,Not classified
27,BHS,BS,"Bahamas, The",Nassau,-77.339,25.0661,LCN,ZJ,Latin America & Caribbean ,,,,HIC,XD,High income,LNX,XX,Not classified
28,BIH,BA,Bosnia and Herzegovina,Sarajevo,18.4214,43.8607,ECS,Z7,Europe & Central Asia,ECA,7E,Europe & Central Asia (excluding high income),UMC,XT,Upper middle income,IBD,XF,IBRD
29,BLA,B2,Latin America & the Caribbean (IBRD-only countries),,,,NA,NA,Aggregates,,,,NA,NA,Aggregates,,,Aggregates
30,BLR,BY,Belarus,Minsk,27.5766,53.9678,ECS,Z7,Europe & Central Asia,ECA,7E,Europe & Central Asia (excluding high income),UMC,XT,Upper middle income,IBD,XF,IBRD
31,BLZ,BZ,Belize,Belmopan,-88.7713,17.2534,LCN,ZJ,Latin America & Caribbean ,LAC,XJ,Latin America & Caribbean (excluding high income),UMC,XT,Upper middle income,IBD,XF,IBRD
32,BMN,B3,Middle East & North Africa (IBRD-only countries),,,,NA,NA,Aggregates,,,,NA,NA,Aggregates,,,Aggregates
33,BMU,BM,Bermuda,Hamilton,-64.706,32.3293,NAC,XU,North America,,,,HIC,XD,High income,LNX,XX,Not classified
34,BOL,BO,Bolivia,La Paz,-66.1936,-13.9908,LCN,ZJ,Latin America & Caribbean ,LAC,XJ,Latin America & Caribbean (excluding high income),LMC,XN,Lower middle income,IBD,XF,IBRD
35,BRA,BR,Brazil,Brasilia,-47.9292,-15.7801,LCN,ZJ,Latin America & Caribbean ,LAC,XJ,Latin America & Caribbean (excluding high income),UMC,XT,Upper middle income,IBD,XF,IBRD
36,BRB,BB,Barbados,Bridgetown,-59.6105,13.0935,LCN,ZJ,Latin America & Caribbean ,,,,HIC,XD,High income,LNX,XX,Not classified
37,BRN,BN,Brunei Darussalam,Bandar Seri Begawan,114.946,4.94199,EAS,Z4,East Asia & Pacific,,,,HIC,XD,High income,LNX,XX,Not classified
38,BSS,B6,Sub-Saharan Africa (IBRD-only countries),,,,NA,NA,Aggregates,,,,NA,NA,Aggregates,,,Aggregates
39,BTN,BT,Bhutan,Thimphu,89.6177,27.5768,SAS,8S,South Asia,SAS,8S,South Asia,LMC,XN,Lower middle income,IDX,XI,IDA
40,BWA,BW,Botswana,Gaborone,25.9201,-24.6544,SSF,ZG,Sub-Saharan Africa ,SSA,ZF,Sub-Saharan Africa (excluding high income),UMC,XT,Upper middle income,IBD,XF,IBRD
41,CAA,C9,Sub-Saharan Africa (IFC classification),,,,NA,NA,Aggregates,,,,NA,NA,Aggregates,,,Aggregates
42,CAF,CF,Central African Republic,Bangui,21.6407,5.63056,SSF,ZG,Sub-Saharan Africa ,SSA,ZF,Sub-Saharan Africa (excluding high income),LIC,XM,Low income,IDX,XI,IDA
43,CAN,CA,Canada,Ottawa,-75.6919,45.4215,NAC,XU,North America,,,,HIC,XD,High income,LNX,XX,Not classified
44,CEA,C4,East Asia and the Pacific (IFC classification),,,,NA,NA,Aggregates,,,,NA,NA,Aggregates,,,Aggregates
45,CEB,B8,Central Europe and the Baltics,,,,NA,NA,Aggregates,,,,NA,NA,Aggregates,,,Aggregates
46,CEU,C5,Europe and Central Asia (IFC classification),,,,NA,NA,Aggregates,,,,NA,NA,Aggregates,,,Aggregates
47,CHE,CH,Switzerland,Bern,7.44821,46.948,ECS,Z7,Europe & Central Asia,,,,HIC,XD,High income,LNX,XX,Not classified
48,CHI,JG,Channel Islands,,,,ECS,Z7,Europe & Central Asia,,,,HIC,XD,High income,LNX,XX,Not classified
49,CHL,CL,Chile,Santiago,-70.6475,-33.475,LCN,ZJ,Latin America & Caribbean ,,,,HIC,XD,High income,IBD,XF,IBRD
0,CHN,CN,China,Beijing,116.286,40.0495,EAS,Z4,East Asia & Pacific,EAP,4E,East Asia & Pacific (excluding high income),UMC,XT,Upper middle income,IBD,XF,IBRD
1,CIV,CI,Cote d'Ivoire,Yamoussoukro,-4.0305,5.332,SSF,ZG,Sub-Saharan Africa ,SSA,ZF,Sub-Saharan Africa (excluding high income),LMC,XN,Lower middle income,IDX,XI,IDA
2,CLA,C6,Latin America and the Caribbean (IFC classification),,,,NA,NA,Aggregates,,,,NA,NA,Aggregates,,,Aggregates
3,CME,C7,Middle East and North Africa (IFC classification),,,,NA,NA,Aggregates,,,,NA,NA,Aggregates,,,Aggregates
4,CMR,CM,Cameroon,Yaounde,11.5174,3.8721,SSF,ZG,Sub-Saharan Africa ,SSA,ZF,Sub-Saharan Africa (excluding high income),LMC,XN,Lower middle income,IDB,XH,Blend
5,COD,CD,"Congo, Dem. Rep.",Kinshasa,15.3222,-4.325,SSF,ZG,Sub-Saharan Africa ,SSA,ZF,Sub-Saharan Africa (excluding high income),LIC,XM,Low income,IDX,XI,IDA
6,COG,CG,"Congo, Rep.",Brazzaville,15.2662,-4.2767,SSF,ZG,Sub-Saharan Africa ,SSA,ZF,Sub-Saharan Africa (excluding high income),LMC,XN,Lower middle income,IDB,XH,Blend
7,COL,CO,Colombia,Bogota,-74.082,4.60987,LCN,ZJ,Latin America & Caribbean ,LAC,XJ,Latin America & Caribbean (excluding high income),UMC,XT,Upper middle income,IBD,XF,IBRD
8,COM,KM,Comoros,Moroni,43.2418,-11.6986,SSF,ZG,Sub-Saharan Africa ,SSA,ZF,Sub-Saharan Africa (excluding high income),LMC,XN,Lower middle income,IDX,XI,IDA
9,CPV,CV,Cabo Verde,Praia,-23.5087,14.9218,SSF,ZG,Sub-Saharan Africa ,SSA,ZF,Sub-Saharan Africa (excluding high income),LMC,XN,Lower middle income,IDB,XH,Blend
10,CRI,CR,Costa Rica,San Jose,-84.0089,9.63701,LCN,ZJ,Latin America & Caribbean ,LAC,XJ,Latin America & Caribbean (excluding high income),UMC,XT,Upper middle income,IBD,XF,IBRD
11,CSA,C8,South Asia (IFC classification),,,,NA,NA,Aggregates,,,,NA,NA,Aggregates,,,Aggregates
12,CSS,S3,Caribbean small states,,,,NA,NA,Aggregates,,,,NA,NA,Aggregates,,,Aggregates
13,CUB,CU,Cuba,Havana,-82.3667,23.1333,LCN,ZJ,Latin America & Caribbean ,LAC,XJ,Latin America & Caribbean (excluding high income),UMC,XT,Upper middle income,LNX,XX,Not classified
14,CUW,CW,Curacao,Willemstad,,,LCN,ZJ,Latin America & Caribbean ,,,,HIC,XD,High income,LNX,XX,Not classified
15,CYM,KY,Cayman Islands,George Town,-81.3857,19.3022,LCN,ZJ,Latin America & Caribbean ,,,,HIC,XD,High income,LNX,XX,Not classified
16,CYP,CY,Cyprus,Nicosia,33.3736,35.1676,ECS,Z7,Europe & Central Asia,,,,HIC,XD,High income,LNX,XX,Not classified
17,CZE,CZ,Czechia,Prague,14.4205,50.0878,ECS,Z7,Europe & Central Asia,,,,HIC,XD,High income,LNX,XX,Not classified
18,DEA,D4,East Asia & Pacific (IDA-eligible countries),,,,NA,NA,Aggregates,,,,NA,NA,Aggregates,,,Aggregates
19,DEC,D7,Europe & Central Asia (IDA-eligible countries),,,,NA,NA,Aggregates,,,,NA,NA,Aggregates,,,Aggregates
20,DEU,DE,Germany,Berlin,13.4115,52.5235,ECS,Z7,Europe & Central Asia,,,,HIC,XD,High income,LNX,XX,Not classified
21,DJI,DJ,Djibouti,Djibouti,43.1425,11.5806,MEA,ZQ,Middle East & North Africa,MNA,XQ,Middle East & North Africa (excluding high income),LMC,XN,Lower middle income,IDX,XI,IDA
22,DLA,D2,Latin America & the Caribbean (IDA-eligible countries),,,,NA,NA,Aggregates,,,,NA,NA,Aggregates,,,Aggregates
23,DMA,DM,Dominica,Roseau,-61.39,15.2976,LCN,ZJ,Latin America & Caribbean ,LAC,XJ,Latin America & Caribbean (excluding high income),UMC,XT,Upper middle income,IDB,XH,Blend
24,DMN,D3,Middle East & North Africa (IDA-eligible countries),,,,NA,NA,Aggregates,,,,NA,NA,Aggregates,,,Aggregates
25,DNK,DK,Denmark,Copenhagen,12.5681,55.6763,ECS,Z7,Europe & Central Asia,,,,HIC,XD,High income,LNX,XX,Not classified
26,DNS,N6,IDA countries in Sub-Saharan Africa not classified as fragile situations ,,,,NA,NA,Aggregates,,,,NA,NA,Aggregates,,,Aggregates
27,DOM,DO,Dominican Republic,Santo Domingo,-69.8908,18.479,LCN,ZJ,Latin America & Caribbean ,LAC,XJ,Latin America & Caribbean (excluding high income),UMC,XT,Upper middle income,IBD,XF,IBRD
28,DSA,D5,South Asia (IDA-eligible countries),,,,NA,NA,Aggregates,,,,NA,NA,Aggregates,,,Aggregates
29,DSF,F6,IDA countries in Sub-Saharan Africa classified as fragile situations ,,,,NA,NA,Aggregates,,,,NA,NA,Aggregates,,,Aggregates
30,DSS,D6,Sub-Saharan Africa (IDA-eligible countries),,,,NA,NA,Aggregates,,,,NA,NA,Aggregates,,,Aggregates
31,DZA,DZ,Algeria,Algiers,3.05097,36.7397,MEA,ZQ,Middle East & North Africa,MNA,XQ,Middle East & North Africa (excluding high income),LMC,XN,Lower middle income,IBD,XF,IBRD
32,EAP,4E,East Asia & Pacific (excluding high income),,,,NA,NA,Aggregates,,,,NA,NA,Aggregates,,,Aggregates
33,EAR,V2,Early-demographic dividend,,,,NA,NA,Aggregates,,,,NA,NA,Aggregates,,,Aggregates
34,EAS,Z4,East Asia & Pacific,,,,NA,NA,Aggregates,,,,NA,NA,Aggregates,,,Aggregates
35,ECA,7E,Europe & Central Asia (excluding high income),,,,NA,NA,Aggregates,,,,NA,NA,Aggregates,,,Aggregates
36,ECS,Z7,Europe & Central Asia,,,,NA,NA,Aggregates,,,,NA,NA,Aggregates,,,Aggregates
37,ECU,EC,Ecuador,Quito,-78.5243,-0.229498,LCN,ZJ,Latin America & Caribbean ,LAC,XJ,Latin America & Caribbean (excluding high income),UMC,XT,Upper middle income,IBD,XF,IBRD
38,EGY,EG,"Egypt, Arab Rep.",Cairo,31.2461,30.0982,MEA,ZQ,Middle East & North Africa,MNA,XQ,Middle East & North Africa (excluding high income),LMC,XN,Lower middle income,IBD,XF,IBRD
39,EMU,XC,Euro area,,,,NA,NA,Aggregates,,,,NA,NA,Aggregates,,,Aggregates
40,ERI,ER,Eritrea,Asmara,38.9183,15.3315,SSF,ZG,Sub-Saharan Africa ,SSA,ZF,Sub-Saharan Africa (excluding high income),LIC,XM,Low income,IDX,XI,IDA
41,ESP,ES,Spain,Madrid,-3.70327,40.4167,ECS,Z7,Europe & Central Asia,,,,HIC,XD,High income,LNX,XX,Not classified
42,EST,EE,Estonia,Tallinn,24.7586,59.4392,ECS,Z7,Europe & Central Asia,,,,HIC,XD,High income,LNX,XX,Not classified
43,ETH,ET,Ethiopia,Addis Ababa,38.7468,9.02274,SSF,ZG,Sub-Saharan Africa ,SSA,ZF,Sub-Saharan Africa (excluding high income),LIC,XM,Low income,IDX,XI,IDA
44,EUU,EU,European Union,,,,NA,NA,Aggregates,,,,NA,NA,Aggregates,,,Aggregates
45,FCS,F1,Fragile and conflict affected situations,,,,NA,NA,Aggregates,,,,NA,NA,Aggregates,,,Aggregates
46,FIN,FI,Finland,Helsinki,24.9525,60.1608,ECS,Z7,Europe & Central Asia,,,,HIC,XD,High income,LNX,XX,Not classified
47,FJI,FJ,Fiji,Suva,178.399,-18.1149,EAS,Z4,East Asia & Pacific,EAP,4E,East Asia & Pacific (excluding high income),UMC,XT,Upper middle income,IDB,XH,Blend
48,FRA,FR,France,Paris,2.35097,48.8566,ECS,Z7,Europe & Central Asia,,,,HIC,XD,High income,LNX,XX,Not classified
49,FRO,FO,Faroe Islands,Torshavn,-6.91181,61.8926,ECS,Z7,Europe & Central Asia,,,,HIC,XD,High income,LNX,XX,Not classified
0,FSM,FM,"Micronesia, Fed. Sts.",Palikir,158.185,6.91771,EAS,Z4,East Asia & Pacific,EAP,4E,East Asia & Pacific (excluding high income),LMC,XN,Lower middle income,IDX,XI,IDA
1,FXS,6F,"IDA countries classified as fragile situations, excluding Sub-Saharan Africa",,,,NA,NA,Aggregates,,,,NA,NA,Aggregates,,,Aggregates
2,GAB,GA,Gabon,Libreville,9.45162,0.38832,SSF,ZG,Sub-Saharan Africa ,SSA,ZF,Sub-Saharan Africa (excluding high income),UMC,XT,Upper middle income,IBD,XF,IBRD
3,GBR,GB,United Kingdom,London,-0.126236,51.5002,ECS,Z7,Europe & Central Asia,,,,HIC,XD,High income,LNX,XX,Not classified
4,GEO,GE,Georgia,Tbilisi,44.793,41.71,ECS,Z7,Europe & Central Asia,ECA,7E,Europe & Central Asia (excluding high income),UMC,XT,Upper middle income,IBD,XF,IBRD
5,GHA,GH,Ghana,Accra,-0.20795,5.57045,SSF,ZG,Sub-Saharan Africa ,SSA,ZF,Sub-Saharan Africa (excluding high income),LMC,XN,Lower middle income,IDX,XI,IDA
6,GIB,GI,Gibraltar,,,,ECS,Z7,Europe & Central Asia,,,,HIC,XD,High income,LNX,XX,Not classified
7,GIN,GN,Guinea,Conakry,-13.7,9.51667,SSF,ZG,Sub-Saharan Africa ,SSA,ZF,Sub-Saharan Africa (excluding high income),LMC,XN,Lower middle income,IDX,XI,IDA
8,GMB,GM,"Gambia, The",Banjul,-16.5885,13.4495,SSF,ZG,Sub-Saharan Africa ,SSA,ZF,Sub-Saharan Africa (excluding high income),LIC,XM,Low income,IDX,XI,IDA
9,GNB,GW,Guinea-Bissau,Bissau,-15.1804,11.8037,SSF,ZG,Sub-Saharan Africa ,SSA,ZF,Sub-Saharan Africa (excluding high income),LIC,XM,Low income,IDX,XI,IDA
10,GNQ,GQ,Equatorial Guinea,Malabo,8.7741,3.7523,SSF,ZG,Sub-Saharan Africa ,SSA,ZF,Sub-Saharan Africa (excluding high income),UMC,XT,Upper middle income,IBD,XF,IBRD
11,GRC,GR,Greece,Athens,23.7166,37.9792,ECS,Z7,Europe & Central Asia,,,,HIC,XD,High income,LNX,XX,Not classified
12,GRD,GD,Grenada,Saint George's,-61.7449,12.0653,LCN,ZJ,Latin America & Caribbean ,LAC,XJ,Latin America & Caribbean (excluding high income),UMC,XT,Upper middle income,IDB,XH,Blend
13,GRL,GL,Greenland,Nuuk,-51.7214,64.1836,ECS,Z7,Europe & Central Asia,,,,HIC,XD,High income,LNX,XX,Not classified
14,GTM,GT,Guatemala,Guatemala City,-90.5328,14.6248,LCN,ZJ,Latin America & Caribbean ,LAC,XJ,Latin America & Caribbean (excluding high income),UMC,XT,Upper middle income,IBD,XF,IBRD
15,GUM,GU,Guam,Agana,144.794,13.4443,EAS,Z4,East Asia & Pacific,,,,HIC,XD,High income,LNX,XX,Not classified
16,GUY,GY,Guyana,Georgetown,-58.1548,6.80461,LCN,ZJ,Latin America & Caribbean ,,,,HIC,XD,High income,IDX,XI,IDA
17,HIC,XD,High income,,,,NA,NA,Aggregates,,,,NA,NA,Aggregates,,,Aggregates
18,HKG,HK,"Hong Kong SAR, China",,114.109,22.3964,EAS,Z4,East Asia & Pacific,,,,HIC,XD,High income,LNX,XX,Not classified
19,HND,HN,Honduras,Tegucigalpa,-87.4667,15.1333,LCN,ZJ,Latin America & Caribbean ,LAC,XJ,Latin America & Caribbean (excluding high income),LMC,XN,Lower middle income,IDX,XI,IDA
20,HPC,XE,Heavily indebted poor countries (HIPC),,,,NA,NA,Aggregates,,,,NA,NA,Aggregates,,,Aggregates
21,HRV,HR,Croatia,Zagreb,15.9614,45.8069,ECS,Z7,Europe & Central Asia,,,,HIC,XD,High income,IBD,XF,IBRD
22,HTI,HT,Haiti,Port-au-Prince,-72.3288,18.5392,LCN,ZJ,Latin America & Caribbean ,LAC,XJ,Latin America & Caribbean (excluding high income),LMC,XN,Lower middle income,IDX,XI,IDA
23,HUN,HU,Hungary,Budapest,19.0408,47.4984,ECS,Z7,Europe & Central Asia,,,,HIC,XD,High income,LNX,XX,Not classified
24,IBB,ZB,"IBRD, including blend",,,,NA,NA,Aggregates,,,,NA,NA,Aggregates,,,Aggregates
25,IBD,XF,IBRD only,,,,NA,NA,Aggregates,,,,NA,NA,Aggregates,,,Aggregates
26,IBT,ZT,IDA & IBRD total,,,,NA,NA,Aggregates,,,,NA,NA,Aggregates,,,Aggregates
27,IDA,XG,IDA total,,,,NA,NA,Aggregates,,,,NA,NA,Aggregates,,,Aggregates
28,IDB,XH,IDA blend,,,,NA,NA,Aggregates,,,,NA,NA,Aggregates,,,Aggregates
29,IDN,ID,Indonesia,Jakarta,106.83,-6.19752,EAS,Z4,East Asia & Pacific,EAP,4E,East Asia & Pacific (excluding high income),UMC,XT,Upper middle income,IBD,XF,IBRD
30,IDX,XI,IDA only,,,,NA,NA,Aggregates,,,,NA,NA,Aggregates,,,Aggregates
31,IMN,IM,Isle of Man,Douglas,-4.47928,54.1509,ECS,Z7,Europe & Central Asia,,,,HIC,XD,High income,LNX,XX,Not classified
32,IND,IN,India,New Delhi,77.225,28.6353,SAS,8S,South Asia,SAS,8S,South Asia,LMC,XN,Lower middle income,IBD,XF,IBRD
33,INX,XY,Not classified,,,,NA,NA,Aggregates,,,,NA,NA,Aggregates,,,Aggregates
34,IRL,IE,Ireland,Dublin,-6.26749,53.3441,ECS,Z7,Europe & Central Asia,,,,HIC,XD,High income,LNX,XX,Not classified
35,IRN,IR,"Iran, Islamic Rep.",Tehran,51.4447,35.6878,MEA,ZQ,Middle East & North Africa,MNA,XQ,Middle East & North Africa (excluding high income),LMC,XN,Lower middle income,IBD,XF,IBRD
36,IRQ,IQ,Iraq,Baghdad,44.394,33.3302,MEA,ZQ,Middle East & North Africa,MNA,XQ,Middle East & North Africa (excluding high income),UMC,XT,Upper middle income,IBD,XF,IBRD
37,ISL,IS,Iceland,Reykjavik,-21.8952,64.1353,ECS,Z7,Europe & Central Asia,,,,HIC,XD,High income,LNX,XX,Not classified
38,ISR,IL,Israel,,35.2035,31.7717,MEA,ZQ,Middle East & North Africa,,,,HIC,XD,High income,LNX,XX,Not classified
39,ITA,IT,Italy,Rome,12.4823,41.8955,ECS,Z7,Europe & Central Asia,,,,HIC,XD,High income,LNX,XX,Not classified
40,JAM,JM,Jamaica,Kingston,-76.792,17.9927,LCN,ZJ,Latin America & Caribbean ,LAC,XJ,Latin America & Caribbean (excluding high income),UMC,XT,Upper middle income,IBD,XF,IBRD
41,JOR,JO,Jordan,Amman,35.9263,31.9497,MEA,ZQ,Middle East & North Africa,MNA,XQ,Middle East & North Africa (excluding high income),LMC,XN,Lower middle income,IBD,XF,IBRD
42,JPN,JP,Japan,Tokyo,139.77,35.67,EAS,Z4,East Asia & Pacific,,,,HIC,XD,High income,LNX,XX,Not classified
43,KAZ,KZ,Kazakhstan,Astana,71.4382,51.1879,ECS,Z7,Europe & Central Asia,ECA,7E,Europe & Central Asia (excluding high income),UMC,XT,Upper middle income,IBD,XF,IBRD
44,KEN,KE,Kenya,Nairobi,36.8126,-1.27975,SSF,ZG,Sub-Saharan Africa ,SSA,ZF,Sub-Saharan Africa (excluding high income),LMC,XN,Lower middle income,IDB,XH,Blend
45,KGZ,KG,Kyrgyz Republic,Bishkek,74.6057,42.8851,ECS,Z7,Europe & Central Asia,ECA,7E,Europe & Central Asia (excluding high income),LMC,XN,Lower middle income,IDX,XI,IDA
46,KHM,KH,Cambodia,Phnom Penh,104.874,11.5556,EAS,Z4,East Asia & Pacific,EAP,4E,East Asia & Pacific (excluding high income),LMC,XN,Lower middle income,IDX,XI,IDA
47,KIR,KI,Kiribati,Tarawa,172.979,1.32905,EAS,Z4,East Asia & Pacific,EAP,4E,East Asia & Pacific (excluding high income),LMC,XN,Lower middle income,IDX,XI,IDA
48,KNA,KN,St. Kitts and Nevis,Basseterre,-62.7309,17.3,LCN,ZJ,Latin America & Caribbean ,,,,HIC,XD,High income,IBD,XF,IBRD
49,KOR,KR,"Korea, Rep.",Seoul,126.957,37.5323,EAS,Z4,East Asia & Pacific,,,,HIC,XD,High income,LNX,XX,Not classified
0,KWT,KW,Kuwait,Kuwait City,47.9824,29.3721,MEA,ZQ,Middle East & North Africa,,,,HIC,XD,High income,LNX,XX,Not classified
1,LAC,XJ,Latin America & Caribbean (excluding high income),,,,NA,NA,Aggregates,,,,NA,NA,Aggregates,,,Aggregates
2,LAO,LA,Lao PDR,Vientiane,102.177,18.5826,EAS,Z4,East Asia & Pacific,EAP,4E,East Asia & Pacific (excluding high income),LMC,XN,Lower middle income,IDX,XI,IDA
3,LBN,LB,Lebanon,Beirut,35.5134,33.8872,MEA,ZQ,Middle East & North Africa,MNA,XQ,Middle East & North Africa (excluding high income),LMC,XN,Lower middle income,IBD,XF,IBRD
4,LBR,LR,Liberia,Monrovia,-10.7957,6.30039,SSF,ZG,Sub-Saharan Africa ,SSA,ZF,Sub-Saharan Africa (excluding high income),LIC,XM,Low income,IDX,XI,IDA
5,LBY,LY,Libya,Tripoli,13.1072,32.8578,MEA,ZQ,Middle East & North Africa,MNA,XQ,Middle East & North Africa (excluding high income),UMC,XT,Upper middle income,IBD,XF,IBRD
6,LCA,LC,St. Lucia,Castries,-60.9832,14,LCN,ZJ,Latin America & Caribbean ,LAC,XJ,Latin America & Caribbean (excluding high income),UMC,XT,Upper middle income,IDB,XH,Blend
7,LCN,ZJ,Latin America & Caribbean ,,,,NA,NA,Aggregates,,,,NA,NA,Aggregates,,,Aggregates
8,LDC,XL,Least developed countries: UN classification,,,,NA,NA,Aggregates,,,,NA,NA,Aggregates,,,Aggregates
9,LIC,XM,Low income,,,,NA,NA,Aggregates,,,,NA,NA,Aggregates,,,Aggregates
10,LIE,LI,Liechtenstein,Vaduz,9.52148,47.1411,ECS,Z7,Europe & Central Asia,,,,HIC,XD,High income,LNX,XX,Not classified
11,LKA,LK,Sri Lanka,Colombo,79.8528,6.92148,SAS,8S,South Asia,SAS,8S,South Asia,LMC,XN,Lower middle income,IDX,XI,IDA
12,LMC,XN,Lower middle income,,,,NA,NA,Aggregates,,,,NA,NA,Aggregates,,,Aggregates
13,LMY,XO,Low & middle income,,,,NA,NA,Aggregates,,,,NA,NA,Aggregates,,,Aggregates
14,LSO,LS,Lesotho,Maseru,27.7167,-29.5208,SSF,ZG,Sub-Saharan Africa ,SSA,ZF,Sub-Saharan Africa (excluding high income),LMC,XN,Lower middle income,IDX,XI,IDA
15,LTE,V3,Late-demographic dividend,,,,NA,NA,Aggregates,,,,NA,NA,Aggregates,,,Aggregates
16,LTU,LT,Lithuania,Vilnius,25.2799,54.6896,ECS,Z7,Europe & Central Asia,,,,HIC,XD,High income,LNX,XX,Not classified
17,LUX,LU,Luxembourg,Luxembourg,6.1296,49.61,ECS,Z7,Europe & Central Asia,,,,HIC,XD,High income,LNX,XX,Not classified
18,LVA,LV,Latvia,Riga,24.1048,56.9465,ECS,Z7,Europe & Central Asia,,,,HIC,XD,High income,LNX,XX,Not classified
19,MAC,MO,"Macao SAR, China",,113.55,22.1667,EAS,Z4,East Asia & Pacific,,,,HIC,XD,High income,LNX,XX,Not classified
20,MAF,MF,St. Martin (French part),Marigot,,,LCN,ZJ,Latin America & Caribbean ,,,,HIC,XD,High income,LNX,XX,Not classified
21,MAR,MA,Morocco,Rabat,-6.8704,33.9905,MEA,ZQ,Middle East & North Africa,MNA,XQ,Middle East & North Africa (excluding high income),LMC,XN,Lower middle income,IBD,XF,IBRD
22,MCO,MC,Monaco,Monaco,7.41891,43.7325,ECS,Z7,Europe & Central Asia,,,,HIC,XD,High income,LNX,XX,Not classified
23,MDA,MD,Moldova,Chisinau,28.8497,47.0167,ECS,Z7,Europe & Central Asia,ECA,7E,Europe & Central Asia (excluding high income),UMC,XT,Upper middle income,IBD,XF,IBRD
24,MDE,M1,Middle East (developing only),,,,NA,NA,Aggregates,,,,NA,NA,Aggregates,,,Aggregates
25,MDG,MG,Madagascar,Antananarivo,45.7167,-20.4667,SSF,ZG,Sub-Saharan Africa ,SSA,ZF,Sub-Saharan Africa (excluding high income),LIC,XM,Low income,IDX,XI,IDA
26,MDV,MV,Maldives,Male,73.5109,4.1742,SAS,8S,South Asia,SAS,8S,South Asia,UMC,XT,Upper middle income,IDX,XI,IDA
27,MEA,ZQ,Middle East & North Africa,,,,NA,NA,Aggregates,,,,NA,NA,Aggregates,,,Aggregates
28,MEX,MX,Mexico,Mexico City,-99.1276,19.427,LCN,ZJ,Latin America & Caribbean ,LAC,XJ,Latin America & Caribbean (excluding high income),UMC,XT,Upper middle income,IBD,XF,IBRD
29,MHL,MH,Marshall Islands,Majuro,171.135,7.11046,EAS,Z4,East Asia & Pacific,EAP,4E,East Asia & Pacific (excluding high income),UMC,XT,Upper middle income,IDX,XI,IDA
30,MIC,XP,Middle income,,,,NA,NA,Aggregates,,,,NA,NA,Aggregates,,,Aggregates
31,MKD,MK,North Macedonia,Skopje,21.4361,42.0024,ECS,Z7,Europe & Central Asia,ECA,7E,Europe & Central Asia (excluding high income),UMC,XT,Upper middle income,IBD,XF,IBRD
32,MLI,ML,Mali,Bamako,-7.50034,13.5667,SSF,ZG,Sub-Saharan Africa ,SSA,ZF,Sub-Saharan Africa (excluding high income),LIC,XM,Low income,IDX,XI,IDA
33,MLT,MT,Malta,Valletta,14.5189,35.9042,MEA,ZQ,Middle East & North Africa,,,,HIC,XD,High income,LNX,XX,Not classified
34,MMR,MM,Myanmar,Naypyidaw,95.9562,21.914,EAS,Z4,East Asia & Pacific,EAP,4E,East Asia & Pacific (excluding high income),LMC,XN,Lower middle income,IDX,XI,IDA
35,MNA,XQ,Middle East & North Africa (excluding high income),,,,NA,NA,Aggregates,,,,NA,NA,Aggregates,,,Aggregates
36,MNE,ME,Montenegro,Podgorica,19.2595,42.4602,ECS,Z7,Europe & Central Asia,ECA,7E,Europe & Central Asia (excluding high income),UMC,XT,Upper middle income,IBD,XF,IBRD
37,MNG,MN,Mongolia,Ulaanbaatar,106.937,47.9129,EAS,Z4,East Asia & Pacific,EAP,4E,East Asia & Pacific (excluding high income),LMC,XN,Lower middle income,IBD,XF,IBRD
38,MNP,MP,Northern Mariana Islands,Saipan,145.765,15.1935,EAS,Z4,East Asia & Pacific,,,,HIC,XD,High income,LNX,XX,Not classified
39,MOZ,MZ,Mozambique,Maputo,32.5713,-25.9664,SSF,ZG,Sub-Saharan Africa ,SSA,ZF,Sub-Saharan Africa (excluding high income),LIC,XM,Low income,IDX,XI,IDA
40,MRT,MR,Mauritania,Nouakchott,-15.9824,18.2367,SSF,ZG,Sub-Saharan Africa ,SSA,ZF,Sub-Saharan Africa (excluding high income),LMC,XN,Lower middle income,IDX,XI,IDA
41,MUS,MU,Mauritius,Port Louis,57.4977,-20.1605,SSF,ZG,Sub-Saharan Africa ,SSA,ZF,Sub-Saharan Africa (excluding high income),UMC,XT,Upper middle income,IBD,XF,IBRD
42,MWI,MW,Malawi,Lilongwe,33.7703,-13.9899,SSF,ZG,Sub-Saharan Africa ,SSA,ZF,Sub-Saharan Africa (excluding high income),LIC,XM,Low income,IDX,XI,IDA
43,MYS,MY,Malaysia,Kuala Lumpur,101.684,3.12433,EAS,Z4,East Asia & Pacific,EAP,4E,East Asia & Pacific (excluding high income),UMC,XT,Upper middle income,IBD,XF,IBRD
44,NAC,XU,North America,,,,NA,NA,Aggregates,,,,NA,NA,Aggregates,,,Aggregates
45,NAF,M2,North Africa,,,,NA,NA,Aggregates,,,,NA,NA,Aggregates,,,Aggregates
46,NAM,NA,Namibia,Windhoek,17.0931,-22.5648,SSF,ZG,Sub-Saharan Africa ,SSA,ZF,Sub-Saharan Africa (excluding high income),UMC,XT,Upper middle income,IBD,XF,IBRD
47,NCL,NC,New Caledonia,Noum'ea,166.464,-22.2677,EAS,Z4,East Asia & Pacific,,,,HIC,XD,High income,LNX,XX,Not classified
48,NER,NE,Niger,Niamey,2.1073,13.514,SSF,ZG,Sub-Saharan Africa ,SSA,ZF,Sub-Saharan Africa (excluding high income),LIC,XM,Low income,IDX,XI,IDA
49,NGA,NG,Nigeria,Abuja,7.48906,9.05804,SSF,ZG,Sub-Saharan Africa ,SSA,ZF,Sub-Saharan Africa (excluding high income),LMC,XN,Lower middle income,IDB,XH,Blend
0,NIC,NI,Nicaragua,Managua,-86.2734,12.1475,LCN,ZJ,Latin America & Caribbean ,LAC,XJ,Latin America & Caribbean (excluding high income),LMC,XN,Lower middle income,IDX,XI,IDA
1,NLD,NL,Netherlands,Amsterdam,4.89095,52.3738,ECS,Z7,Europe & Central Asia,,,,HIC,XD,High income,LNX,XX,Not classified
2,NOR,NO,Norway,Oslo,10.7387,59.9138,ECS,Z7,Europe & Central Asia,,,,HIC,XD,High income,LNX,XX,Not classified
3,NPL,NP,Nepal,Kathmandu,85.3157,27.6939,SAS,8S,South Asia,SAS,8S,South Asia,LMC,XN,Lower middle income,IDX,XI,IDA
4,NRS,6X,Non-resource rich Sub-Saharan Africa countries,,,,NA,NA,Aggregates,,,,NA,NA,Aggregates,,,Aggregates
5,NRU,NR,Nauru,Yaren District,166.920867,-0.5477,EAS,Z4,East Asia & Pacific,,,,HIC,XD,High income,IBD,XF,IBRD
6,NXS,6N,"IDA countries not classified as fragile situations, excluding Sub-Saharan Africa",,,,NA,NA,Aggregates,,,,NA,NA,Aggregates,,,Aggregates
7,NZL,NZ,New Zealand,Wellington,174.776,-41.2865,EAS,Z4,East Asia & Pacific,,,,HIC,XD,High income,LNX,XX,Not classified
8,OED,OE,OECD members,,,,NA,NA,Aggregates,,,,NA,NA,Aggregates,,,Aggregates
9,OMN,OM,Oman,Muscat,58.5874,23.6105,MEA,ZQ,Middle East & North Africa,,,,HIC,XD,High income,LNX,XX,Not classified
10,OSS,S4,Other small states,,,,NA,NA,Aggregates,,,,NA,NA,Aggregates,,,Aggregates
11,PAK,PK,Pakistan,Islamabad,72.8,30.5167,SAS,8S,South Asia,SAS,8S,South Asia,LMC,XN,Lower middle income,IDB,XH,Blend
12,PAN,PA,Panama,Panama City,-79.5188,8.99427,LCN,ZJ,Latin America & Caribbean ,,,,HIC,XD,High income,IBD,XF,IBRD
13,PER,PE,Peru,Lima,-77.0465,-12.0931,LCN,ZJ,Latin America & Caribbean ,LAC,XJ,Latin America & Caribbean (excluding high income),UMC,XT,Upper middle income,IBD,XF,IBRD
14,PHL,PH,Philippines,Manila,121.035,14.5515,EAS,Z4,East Asia & Pacific,EAP,4E,East Asia & Pacific (excluding high income),LMC,XN,Lower middle income,IBD,XF,IBRD
15,PLW,PW,Palau,Koror,134.479,7.34194,EAS,Z4,East Asia & Pacific,EAP,4E,East Asia & Pacific (excluding high income),UMC,XT,Upper middle income,IBD,XF,IBRD
16,PNG,PG,Papua New Guinea,Port Moresby,147.194,-9.47357,EAS,Z4,East Asia & Pacific,EAP,4E,East Asia & Pacific (excluding high income),LMC,XN,Lower middle income,IDB,XH,Blend
17,POL,PL,Poland,Warsaw,21.02,52.26,ECS,Z7,Europe & Central Asia,,,,HIC,XD,High income,IBD,XF,IBRD
18,PRE,V1,Pre-demographic dividend,,,,NA,NA,Aggregates,,,,NA,NA,Aggregates,,,Aggregates
19,PRI,PR,Puerto Rico,San Juan,-66,18.23,LCN,ZJ,Latin America & Caribbean ,,,,HIC,XD,High income,LNX,XX,Not classified
20,PRK,KP,"Korea, Dem. People's Rep.",Pyongyang,125.754,39.0319,EAS,Z4,East Asia & Pacific,EAP,4E,East Asia & Pacific (excluding high income),LIC,XM,Low income,LNX,XX,Not classified
21,PRT,PT,Portugal,Lisbon,-9.13552,38.7072,ECS,Z7,Europe & Central Asia,,,,HIC,XD,High income,LNX,XX,Not classified
22,PRY,PY,Paraguay,Asuncion,-57.6362,-25.3005,LCN,ZJ,Latin America & Caribbean ,LAC,XJ,Latin America & Caribbean (excluding high income),UMC,XT,Upper middle income,IBD,XF,IBRD
23,PSE,PS,West Bank and Gaza,,,,MEA,ZQ,Middle East & North Africa,MNA,XQ,Middle East & North Africa (excluding high income),UMC,XT,Upper middle income,LNX,XX,Not classified
24,PSS,S2,Pacific island small states,,,,NA,NA,Aggregates,,,,NA,NA,Aggregates,,,Aggregates
25,PST,V4,Post-demographic dividend,,,,NA,NA,Aggregates,,,,NA,NA,Aggregates,,,Aggregates
26,PYF,PF,French Polynesia,Papeete,-149.57,-17.535,EAS,Z4,East Asia & Pacific,,,,HIC,XD,High income,LNX,XX,Not classified
27,QAT,QA,Qatar,Doha,51.5082,25.2948,MEA,ZQ,Middle East & North Africa,,,,HIC,XD,High income,LNX,XX,Not classified
28,ROU,RO,Romania,Bucharest,26.0979,44.4479,ECS,Z7,Europe & Central Asia,,,,HIC,XD,High income,IBD,XF,IBRD
29,RRS,R6,Resource rich Sub-Saharan Africa countries,,,,NA,NA,Aggregates,,,,NA,NA,Aggregates,,,Aggregates
30,RUS,RU,Russian Federation,Moscow,37.6176,55.7558,ECS,Z7,Europe & Central Asia,ECA,7E,Europe & Central Asia (excluding high income),UMC,XT,Upper middle income,IBD,XF,IBRD
31,RWA,RW,Rwanda,Kigali,30.0587,-1.95325,SSF,ZG,Sub-Saharan Africa ,SSA,ZF,Sub-Saharan Africa (excluding high income),LIC,XM,Low income,IDX,XI,IDA
32,SAS,8S,South Asia,,,,NA,NA,Aggregates,,,,NA,NA,Aggregates,,,Aggregates
33,SAU,SA,Saudi Arabia,Riyadh,46.6977,24.6748,MEA,ZQ,Middle East & North Africa,,,,HIC,XD,High income,LNX,XX,Not classified
34,SDN,SD,Sudan,Khartoum,32.5363,15.5932,SSF,ZG,Sub-Saharan Africa ,SSA,ZF,Sub-Saharan Africa (excluding high income),LIC,XM,Low income,IDX,XI,IDA
35,SEN,SN,Senegal,Dakar,-17.4734,14.7247,SSF,ZG,Sub-Saharan Africa ,SSA,ZF,Sub-Saharan Africa (excluding high income),LMC,XN,Lower middle income,IDX,XI,IDA
36,SGP,SG,Singapore,Singapore,103.85,1.28941,EAS,Z4,East Asia & Pacific,,,,HIC,XD,High income,LNX,XX,Not classified
37,SLB,SB,Solomon Islands,Honiara,159.949,-9.42676,EAS,Z4,East Asia & Pacific,EAP,4E,East Asia & Pacific (excluding high income),LMC,XN,Lower middle income,IDX,XI,IDA
38,SLE,SL,Sierra Leone,Freetown,-13.2134,8.4821,SSF,ZG,Sub-Saharan Africa ,SSA,ZF,Sub-Saharan Africa (excluding high income),LIC,XM,Low income,IDX,XI,IDA
39,SLV,SV,El Salvador,San Salvador,-89.2073,13.7034,LCN,ZJ,Latin America & Caribbean ,LAC,XJ,Latin America & Caribbean (excluding high income),UMC,XT,Upper middle income,IBD,XF,IBRD
40,SMR,SM,San Marino,San Marino,12.4486,43.9322,ECS,Z7,Europe & Central Asia,,,,HIC,XD,High income,LNX,XX,Not classified
41,SOM,SO,Somalia,Mogadishu,45.3254,2.07515,SSF,ZG,Sub-Saharan Africa ,SSA,ZF,Sub-Saharan Africa (excluding high income),LIC,XM,Low income,IDX,XI,IDA
42,SRB,RS,Serbia,Belgrade,20.4656,44.8024,ECS,Z7,Europe & Central Asia,ECA,7E,Europe & Central Asia (excluding high income),UMC,XT,Upper middle income,IBD,XF,IBRD
43,SSA,ZF,Sub-Saharan Africa (excluding high income),,,,NA,NA,Aggregates,,,,NA,NA,Aggregates,,,Aggregates
44,SSD,SS,South Sudan,Juba,31.6,4.85,SSF,ZG,Sub-Saharan Africa ,SSA,ZF,Sub-Saharan Africa (excluding high income),LIC,XM,Low income,IDX,XI,IDA
45,SSF,ZG,Sub-Saharan Africa ,,,,NA,NA,Aggregates,,,,NA,NA,Aggregates,,,Aggregates
46,SST,S1,Small states,,,,NA,NA,Aggregates,,,,NA,NA,Aggregates,,,Aggregates
47,STP,ST,Sao Tome and Principe,Sao Tome,6.6071,0.20618,SSF,ZG,Sub-Saharan Africa ,SSA,ZF,Sub-Saharan Africa (excluding high income),LMC,XN,Lower middle income,IDX,XI,IDA
48,SUR,SR,Suriname,Paramaribo,-55.1679,5.8232,LCN,ZJ,Latin America & Caribbean ,LAC,XJ,Latin America & Caribbean (excluding high income),UMC,XT,Upper middle income,IBD,XF,IBRD
49,SVK,SK,Slovak Republic,Bratislava,17.1073,48.1484,ECS,Z7,Europe & Central Asia,,,,HIC,XD,High income,LNX,XX,Not classified
0,SVN,SI,Slovenia,Ljubljana,14.5044,46.0546,ECS,Z7,Europe & Central Asia,,,,HIC,XD,High income,LNX,XX,Not classified
1,SWE,SE,Sweden,Stockholm,18.0645,59.3327,ECS,Z7,Europe & Central Asia,,,,HIC,XD,High income,LNX,XX,Not classified
2,SWZ,SZ,Eswatini,Mbabane,31.4659,-26.5225,SSF,ZG,Sub-Saharan Africa ,SSA,ZF,Sub-Saharan Africa (excluding high income),LMC,XN,Lower middle income,IBD,XF,IBRD
3,SXM,SX,Sint Maarten (Dutch part),Philipsburg,,,LCN,ZJ,Latin America & Caribbean ,,,,HIC,XD,High income,LNX,XX,Not classified
4,SXZ,A4,Sub-Saharan Africa excluding South Africa,,,,NA,NA,Aggregates,,,,NA,NA,Aggregates,,,Aggregates
5,SYC,SC,Seychelles,Victoria,55.4466,-4.6309,SSF,ZG,Sub-Saharan Africa ,,,,HIC,XD,High income,IBD,XF,IBRD
6,SYR,SY,Syrian Arab Republic,Damascus,36.3119,33.5146,MEA,ZQ,Middle East & North Africa,MNA,XQ,Middle East & North Africa (excluding high income),LIC,XM,Low income,IDX,XI,IDA
7,TCA,TC,Turks and Caicos Islands,Grand Turk,-71.141389,21.4602778,LCN,ZJ,Latin America & Caribbean ,,,,HIC,XD,High income,LNX,XX,Not classified
8,TCD,TD,Chad,N'Djamena,15.0445,12.1048,SSF,ZG,Sub-Saharan Africa ,SSA,ZF,Sub-Saharan Africa (excluding high income),LIC,XM,Low income,IDX,XI,IDA
9,TEA,T4,East Asia & Pacific (IDA & IBRD countries),,,,NA,NA,Aggregates,,,,NA,NA,Aggregates,,,Aggregates
10,TEC,T7,Europe & Central Asia (IDA & IBRD countries),,,,NA,NA,Aggregates,,,,NA,NA,Aggregates,,,Aggregates
11,TGO,TG,Togo,Lome,1.2255,6.1228,SSF,ZG,Sub-Saharan Africa ,SSA,ZF,Sub-Saharan Africa (excluding high income),LIC,XM,Low income,IDX,XI,IDA
12,THA,TH,Thailand,Bangkok,100.521,13.7308,EAS,Z4,East Asia & Pacific,EAP,4E,East Asia & Pacific (excluding high income),UMC,XT,Upper middle income,IBD,XF,IBRD
13,TJK,TJ,Tajikistan,Dushanbe,68.7864,38.5878,ECS,Z7,Europe & Central Asia,ECA,7E,Europe & Central Asia (excluding high income),LMC,XN,Lower middle income,IDX,XI,IDA
14,TKM,TM,Turkmenistan,Ashgabat,58.3794,37.9509,ECS,Z7,Europe & Central Asia,ECA,7E,Europe & Central Asia (excluding high income),UMC,XT,Upper middle income,IBD,XF,IBRD
15,TLA,T2,Latin America & the Caribbean (IDA & IBRD countries),,,,NA,NA,Aggregates,,,,NA,NA,Aggregates,,,Aggregates
16,TLS,TL,Timor-Leste,Dili,125.567,-8.56667,EAS,Z4,East Asia & Pacific,EAP,4E,East Asia & Pacific (excluding high income),LMC,XN,Lower middle income,IDB,XH,Blend
17,TMN,T3,Middle East & North Africa (IDA & IBRD countries),,,,NA,NA,Aggregates,,,,NA,NA,Aggregates,,,Aggregates
18,TON,TO,Tonga,Nuku'alofa,-175.216,-21.136,EAS,Z4,East Asia & Pacific,EAP,4E,East Asia & Pacific (excluding high income),UMC,XT,Upper middle income,IDX,XI,IDA
19,TSA,T5,South Asia (IDA & IBRD),,,,NA,NA,Aggregates,,,,NA,NA,Aggregates,,,Aggregates
20,TSS,T6,Sub-Saharan Africa (IDA & IBRD countries),,,,NA,NA,Aggregates,,,,NA,NA,Aggregates,,,Aggregates
21,TTO,TT,Trinidad and Tobago,Port-of-Spain,-61.4789,10.6596,LCN,ZJ,Latin America & Caribbean ,,,,HIC,XD,High income,IBD,XF,IBRD
22,TUN,TN,Tunisia,Tunis,10.21,36.7899,MEA,ZQ,Middle East & North Africa,MNA,XQ,Middle East & North Africa (excluding high income),LMC,XN,Lower middle income,IBD,XF,IBRD
23,TUR,TR,Turkiye,Ankara,32.3606,39.7153,ECS,Z7,Europe & Central Asia,ECA,7E,Europe & Central Asia (excluding high income),UMC,XT,Upper middle income,IBD,XF,IBRD
24,TUV,TV,Tuvalu,Funafuti,179.089567,-8.6314877,EAS,Z4,East Asia & Pacific,EAP,4E,East Asia & Pacific (excluding high income),UMC,XT,Upper middle income,IDX,XI,IDA
25,TWN,TW,"Taiwan, China",,,,EAS,Z4,East Asia & Pacific,,,,HIC,XD,High income,LNX,XX,Not classified
26,TZA,TZ,Tanzania,Dodoma,35.7382,-6.17486,SSF,ZG,Sub-Saharan Africa ,SSA,ZF,Sub-Saharan Africa (excluding high income),LMC,XN,Lower middle income,IDX,XI,IDA
27,UGA,UG,Uganda,Kampala,32.5729,0.314269,SSF,ZG,Sub-Saharan Africa ,SSA,ZF,Sub-Saharan Africa (excluding high income),LIC,XM,Low income,IDX,XI,IDA
28,UKR,UA,Ukraine,Kiev,30.5038,50.4536,ECS,Z7,Europe & Central Asia,ECA,7E,Europe & Central Asia (excluding high income),LMC,XN,Lower middle income,IBD,XF,IBRD
29,UMC,XT,Upper middle income,,,,NA,NA,Aggregates,,,,NA,NA,Aggregates,,,Aggregates
30,URY,UY,Uruguay,Montevideo,-56.0675,-34.8941,LCN,ZJ,Latin America & Caribbean ,,,,HIC,XD,High income,IBD,XF,IBRD
31,USA,US,United States,Washington D.C.,-77.032,38.8895,NAC,XU,North America,,,,HIC,XD,High income,LNX,XX,Not classified
32,UZB,UZ,Uzbekistan,Tashkent,69.269,41.3052,ECS,Z7,Europe & Central Asia,ECA,7E,Europe & Central Asia (excluding high income),LMC,XN,Lower middle income,IDB,XH,Blend
33,VCT,VC,St. Vincent and the Grenadines,Kingstown,-61.2653,13.2035,LCN,ZJ,Latin America & Caribbean ,LAC,XJ,Latin America & Caribbean (excluding high income),UMC,XT,Upper middle income,IDB,XH,Blend
34,VEN,VE,"Venezuela, RB",Caracas,-69.8371,9.08165,LCN,ZJ,Latin America & Caribbean ,,,,INX,XY,Not classified,IBD,XF,IBRD
35,VGB,VG,British Virgin Islands,Road Town,-64.623056,18.431389,LCN,ZJ,Latin America & Caribbean ,,,,HIC,XD,High income,LNX,XX,Not classified
36,VIR,VI,Virgin Islands (U.S.),Charlotte Amalie,-64.8963,18.3358,LCN,ZJ,Latin America & Caribbean ,,,,HIC,XD,High income,LNX,XX,Not classified
37,VNM,VN,Vietnam,Hanoi,105.825,21.0069,EAS,Z4,East Asia & Pacific,EAP,4E,East Asia & Pacific (excluding high income),LMC,XN,Lower middle income,IBD,XF,IBRD
38,VUT,VU,Vanuatu,Port-Vila,168.321,-17.7404,EAS,Z4,East Asia & Pacific,EAP,4E,East Asia & Pacific (excluding high income),LMC,XN,Lower middle income,IDX,XI,IDA
39,WLD,1W,World,,,,NA,NA,Aggregates,,,,NA,NA,Aggregates,,,Aggregates
40,WSM,WS,Samoa,Apia,-171.752,-13.8314,EAS,Z4,East Asia & Pacific,EAP,4E,East Asia & Pacific (excluding high income),LMC,XN,Lower middle income,IDX,XI,IDA
41,XKX,XK,Kosovo,Pristina,20.926,42.565,ECS,Z7,Europe & Central Asia,ECA,7E,Europe & Central Asia (excluding high income),UMC,XT,Upper middle income,IDX,XI,IDA
42,XZN,A5,Sub-Saharan Africa excluding South Africa and Nigeria,,,,NA,NA,Aggregates,,,,NA,NA,Aggregates,,,Aggregates
43,YEM,YE,"Yemen, Rep.",Sana'a,44.2075,15.352,MEA,ZQ,Middle East & North Africa,MNA,XQ,Middle East & North Africa (excluding high income),LIC,XM,Low income,IDX,XI,IDA
44,ZAF,ZA,South Africa,Pretoria,28.1871,-25.746,SSF,ZG,Sub-Saharan Africa ,SSA,ZF,Sub-Saharan Africa (excluding high income),UMC,XT,Upper middle income,IBD,XF,IBRD
45,ZMB,ZM,Zambia,Lusaka,28.2937,-15.3982,SSF,ZG,Sub-Saharan Africa ,SSA,ZF,Sub-Saharan Africa (excluding high income),LMC,XN,Lower middle income,IDX,XI,IDA
46,ZWE,ZW,Zimbabwe,Harare,31.0672,-17.8312,SSF,ZG,Sub-Saharan Africa ,SSA,ZF,Sub-Saharan Africa (excluding high income),LMC,XN,Lower middle income,IDB,XH,Blend
